"COUNTRY","Country","SEX","Sex","SERIES","Series","TIME","Time","Unit Code","Unit","PowerCode Code","PowerCode","Reference Period Code","Reference Period","Value","Flag Codes","Flags"
"BGR","Bulgaria","MW","All persons","GWG5","Gender wage gap at median","2002","2002",,,"0","Units",,,13.095606436,,
"BGR","Bulgaria","MW","All persons","GWG5","Gender wage gap at median","2006","2006",,,"0","Units",,,1.3793103448,,
"BGR","Bulgaria","MW","All persons","GWG5","Gender wage gap at median","2010","2010",,,"0","Units",,,6.9343065693,,
"BGR","Bulgaria","MW","All persons","GWG5","Gender wage gap at median","2014","2014",,,"0","Units",,,4.0625,,
"OECD","OECD countries","MW","All persons","GWG5","Gender wage gap at median","2000","2000",,,"0","Units",,,17.5778137402103,,
"OECD","OECD countries","MW","All persons","GWG5","Gender wage gap at median","2001","2001",,,"0","Units",,,17.3848016446329,,
"OECD","OECD countries","MW","All persons","GWG5","Gender wage gap at median","2002","2002",,,"0","Units",,,16.8776597978665,,
"OECD","OECD countries","MW","All persons","GWG5","Gender wage gap at median","2003","2003",,,"0","Units",,,16.253706225266,,
"OECD","OECD countries","MW","All persons","GWG5","Gender wage gap at median","2004","2004",,,"0","Units",,,16.0986519494176,,
"OECD","OECD countries","MW","All persons","GWG5","Gender wage gap at median","2005","2005",,,"0","Units",,,15.7916580815443,,
"OECD","OECD countries","MW","All persons","GWG5","Gender wage gap at median","2006","2006",,,"0","Units",,,15.48207592195,,
"OECD","OECD countries","MW","All persons","GWG5","Gender wage gap at median","2007","2007",,,"0","Units",,,14.9583938525614,,
"OECD","OECD countries","MW","All persons","GWG5","Gender wage gap at median","2008","2008",,,"0","Units",,,14.9774176288669,,
"OECD","OECD countries","MW","All persons","GWG5","Gender wage gap at median","2009","2009",,,"0","Units",,,14.5254018588385,,
"OECD","OECD countries","MW","All persons","GWG5","Gender wage gap at median","2010","2010",,,"0","Units",,,14.2017036876866,,
"OECD","OECD countries","MW","All persons","GWG5","Gender wage gap at median","2011","2011",,,"0","Units",,,13.9688114385736,,
"OECD","OECD countries","MW","All persons","GWG5","Gender wage gap at median","2012","2012",,,"0","Units",,,14.0922742788666,,
"OECD","OECD countries","MW","All persons","GWG5","Gender wage gap at median","2013","2013",,,"0","Units",,,14.0750107246219,,
"OECD","OECD countries","MW","All persons","GWG5","Gender wage gap at median","2014","2014",,,"0","Units",,,13.9054663363725,,
"OECD","OECD countries","MW","All persons","GWG5","Gender wage gap at median","2015","2015",,,"0","Units",,,13.8043890607853,,
"OECD","OECD countries","MW","All persons","GWG5","Gender wage gap at median","2016","2016",,,"0","Units",,,13.2659380064312,,
"OECD","OECD countries","MW","All persons","GWG5","Gender wage gap at median","2017","2017",,,"0","Units",,,13.0077221584776,,
"OECD","OECD countries","MW","All persons","GWG5","Gender wage gap at median","2018","2018",,,"0","Units",,,12.8900073252095,,
"ISL","Iceland","MW","All persons","GWG5","Gender wage gap at median","2004","2004",,,"0","Units",,,19.225463109,,
"ISL","Iceland","MW","All persons","GWG5","Gender wage gap at median","2005","2005",,,"0","Units",,,13.199229154,,
"ISL","Iceland","MW","All persons","GWG5","Gender wage gap at median","2006","2006",,,"0","Units",,,12.400076757,,
"ISL","Iceland","MW","All persons","GWG5","Gender wage gap at median","2007","2007",,,"0","Units",,,15.89033019,,
"ISL","Iceland","MW","All persons","GWG5","Gender wage gap at median","2008","2008",,,"0","Units",,,13.328559334,,
"ISL","Iceland","MW","All persons","GWG5","Gender wage gap at median","2009","2009",,,"0","Units",,,15.977812776,,
"ISL","Iceland","MW","All persons","GWG5","Gender wage gap at median","2010","2010",,,"0","Units",,,14.314783611,,
"ISL","Iceland","MW","All persons","GWG5","Gender wage gap at median","2011","2011",,,"0","Units",,,14.07981281,,
"ISL","Iceland","MW","All persons","GWG5","Gender wage gap at median","2013","2013",,,"0","Units",,,14.527463644,,
"ISL","Iceland","MW","All persons","GWG5","Gender wage gap at median","2014","2014",,,"0","Units",,,13.593489465,,
"ISL","Iceland","MW","All persons","GWG5","Gender wage gap at median","2015","2015",,,"0","Units",,,9.931403069,,
"ISL","Iceland","MW","All persons","GWG5","Gender wage gap at median","2016","2016",,,"0","Units",,,11.543446315,,
"MEX","Mexico","MW","All persons","GWG5","Gender wage gap at median","2005","2005",,,"0","Units",,,16.666666667,,
"MEX","Mexico","MW","All persons","GWG5","Gender wage gap at median","2006","2006",,,"0","Units",,,18.604651163,,
"MEX","Mexico","MW","All persons","GWG5","Gender wage gap at median","2007","2007",,,"0","Units",,,12.5,,
"MEX","Mexico","MW","All persons","GWG5","Gender wage gap at median","2008","2008",,,"0","Units",,,22.222222222,,
"MEX","Mexico","MW","All persons","GWG5","Gender wage gap at median","2009","2009",,,"0","Units",,,16.666666667,,
"MEX","Mexico","MW","All persons","GWG5","Gender wage gap at median","2010","2010",,,"0","Units",,,11.627906977,,
"MEX","Mexico","MW","All persons","GWG5","Gender wage gap at median","2011","2011",,,"0","Units",,,10,,
"MEX","Mexico","MW","All persons","GWG5","Gender wage gap at median","2012","2012",,,"0","Units",,,13.555555556,,
"MEX","Mexico","MW","All persons","GWG5","Gender wage gap at median","2013","2013",,,"0","Units",,,15.433403805,,
"MEX","Mexico","MW","All persons","GWG5","Gender wage gap at median","2014","2014",,,"0","Units",,,18.3,,
"MEX","Mexico","MW","All persons","GWG5","Gender wage gap at median","2015","2015",,,"0","Units",,,16.666666667,,
"MEX","Mexico","MW","All persons","GWG5","Gender wage gap at median","2016","2016",,,"0","Units",,,16.492248062,,
"MEX","Mexico","MW","All persons","GWG5","Gender wage gap at median","2017","2017",,,"0","Units",,,11.111111111,,
"MEX","Mexico","MW","All persons","GWG5","Gender wage gap at median","2018","2018",,,"0","Units",,,14,,
"MEX","Mexico","MW","All persons","GWG5","Gender wage gap at median","2019","2019",,,"0","Units",,,18.75,,
"CAN","Canada","MW","All persons","GWG5","Gender wage gap at median","2000","2000",,,"0","Units",,,23.875,,
"CAN","Canada","MW","All persons","GWG5","Gender wage gap at median","2001","2001",,,"0","Units",,,24.324579125,,
"CAN","Canada","MW","All persons","GWG5","Gender wage gap at median","2002","2002",,,"0","Units",,,24.013157895,,
"CAN","Canada","MW","All persons","GWG5","Gender wage gap at median","2003","2003",,,"0","Units",,,22.502340337,,
"CAN","Canada","MW","All persons","GWG5","Gender wage gap at median","2004","2004",,,"0","Units",,,22.717948718,,
"CAN","Canada","MW","All persons","GWG5","Gender wage gap at median","2005","2005",,,"0","Units",,,21.25,,
"CAN","Canada","MW","All persons","GWG5","Gender wage gap at median","2006","2006",,,"0","Units",,,21.123321123,,
"CAN","Canada","MW","All persons","GWG5","Gender wage gap at median","2007","2007",,,"0","Units",,,20.808235294,,
"CAN","Canada","MW","All persons","GWG5","Gender wage gap at median","2008","2008",,,"0","Units",,,20.454545455,,
"CAN","Canada","MW","All persons","GWG5","Gender wage gap at median","2009","2009",,,"0","Units",,,20.131868132,,
"CAN","Canada","MW","All persons","GWG5","Gender wage gap at median","2010","2010",,,"0","Units",,,18.977469671,,
"CAN","Canada","MW","All persons","GWG5","Gender wage gap at median","2011","2011",,,"0","Units",,,19.175531915,,
"CAN","Canada","MW","All persons","GWG5","Gender wage gap at median","2012","2012",,,"0","Units",,,19.511231281,,
"CAN","Canada","MW","All persons","GWG5","Gender wage gap at median","2013","2013",,,"0","Units",,,19.30323498,,
"CAN","Canada","MW","All persons","GWG5","Gender wage gap at median","2014","2014",,,"0","Units",,,19.229,,
"CAN","Canada","MW","All persons","GWG5","Gender wage gap at median","2015","2015",,,"0","Units",,,18.62745098,,
"CAN","Canada","MW","All persons","GWG5","Gender wage gap at median","2016","2016",,,"0","Units",,,18.221153846,,
"CAN","Canada","MW","All persons","GWG5","Gender wage gap at median","2017","2017",,,"0","Units",,,18.17322239,,
"CAN","Canada","MW","All persons","GWG5","Gender wage gap at median","2018","2018",,,"0","Units",,,18.518518519,,
"CAN","Canada","MW","All persons","GWG5","Gender wage gap at median","2019","2019",,,"0","Units",,,17.59375,,
"ITA","Italy","MW","All persons","GWG5","Gender wage gap at median","2000","2000",,,"0","Units",,,8.5185185246,,
"ITA","Italy","MW","All persons","GWG5","Gender wage gap at median","2002","2002",,,"0","Units",,,10.344827586,,
"ITA","Italy","MW","All persons","GWG5","Gender wage gap at median","2004","2004",,,"0","Units",,,6.666666664,,
"ITA","Italy","MW","All persons","GWG5","Gender wage gap at median","2006","2006",,,"0","Units",,,7.6923076946,,
"ITA","Italy","MW","All persons","GWG5","Gender wage gap at median","2008","2008",,,"0","Units",,,11.764705884,,
"ITA","Italy","MW","All persons","GWG5","Gender wage gap at median","2010","2010",,,"0","Units",,,9.9403354745,,
"ITA","Italy","MW","All persons","GWG5","Gender wage gap at median","2012","2012",,,"0","Units",,,11.111111113,,
"ITA","Italy","MW","All persons","GWG5","Gender wage gap at median","2014","2014",,,"0","Units",,,5.5555555533,,
"ITA","Italy","MW","All persons","GWG5","Gender wage gap at median","2016","2016",,,"0","Units",,,5.5555555533,,
"FIN","Finland","MW","All persons","GWG5","Gender wage gap at median","2000","2000",,,"0","Units",,,20.427489177,,
"FIN","Finland","MW","All persons","GWG5","Gender wage gap at median","2001","2001",,,"0","Units",,,21.239091287,,
"FIN","Finland","MW","All persons","GWG5","Gender wage gap at median","2002","2002",,,"0","Units",,,20.373202814,,
"FIN","Finland","MW","All persons","GWG5","Gender wage gap at median","2003","2003",,,"0","Units",,,20.099255583,,
"FIN","Finland","MW","All persons","GWG5","Gender wage gap at median","2004","2004",,,"0","Units",,,20.015151037,,
"FIN","Finland","MW","All persons","GWG5","Gender wage gap at median","2005","2005",,,"0","Units",,,18.941694033,,
"FIN","Finland","MW","All persons","GWG5","Gender wage gap at median","2006","2006",,,"0","Units",,,19.374794537,,
"FIN","Finland","MW","All persons","GWG5","Gender wage gap at median","2007","2007",,,"0","Units",,,21.376904093,,
"FIN","Finland","MW","All persons","GWG5","Gender wage gap at median","2008","2008",,,"0","Units",,,21.233952657,,
"FIN","Finland","MW","All persons","GWG5","Gender wage gap at median","2009","2009",,,"0","Units",,,19.675672792,,
"FIN","Finland","MW","All persons","GWG5","Gender wage gap at median","2010","2010",,,"0","Units",,,18.876999846,,
"FIN","Finland","MW","All persons","GWG5","Gender wage gap at median","2011","2011",,,"0","Units",,,18.607617095,,
"FIN","Finland","MW","All persons","GWG5","Gender wage gap at median","2012","2012",,,"0","Units",,,18.726074526,,
"FIN","Finland","MW","All persons","GWG5","Gender wage gap at median","2013","2013",,,"0","Units",,,20.178432711,,
"FIN","Finland","MW","All persons","GWG5","Gender wage gap at median","2014","2014",,,"0","Units",,,19.609079445,,
"FIN","Finland","MW","All persons","GWG5","Gender wage gap at median","2015","2015",,,"0","Units",,,18.055981324,,
"FIN","Finland","MW","All persons","GWG5","Gender wage gap at median","2016","2016",,,"0","Units",,,16.47225837,,
"FIN","Finland","MW","All persons","GWG5","Gender wage gap at median","2017","2017",,,"0","Units",,,17.717920638,,
"FIN","Finland","MW","All persons","GWG5","Gender wage gap at median","2018","2018",,,"0","Units",,,18.855203722,,
"SWE","Sweden","MW","All persons","GWG5","Gender wage gap at median","2000","2000",,,"0","Units",,,12.371134021,,
"SWE","Sweden","MW","All persons","GWG5","Gender wage gap at median","2001","2001",,,"0","Units",,,12.376237624,,
"SWE","Sweden","MW","All persons","GWG5","Gender wage gap at median","2002","2002",,,"0","Units",,,11.904761905,,
"SWE","Sweden","MW","All persons","GWG5","Gender wage gap at median","2003","2003",,,"0","Units",,,11.520737327,,
"SWE","Sweden","MW","All persons","GWG5","Gender wage gap at median","2004","2004",,,"0","Units",,,10.762331839,,
"SWE","Sweden","MW","All persons","GWG5","Gender wage gap at median","2005","2005",,,"0","Units",,,11.304347826,,
"SWE","Sweden","MW","All persons","GWG5","Gender wage gap at median","2006","2006",,,"0","Units",,,11.016949153,,
"SWE","Sweden","MW","All persons","GWG5","Gender wage gap at median","2007","2007",,,"0","Units",,,11.836734694,,
"SWE","Sweden","MW","All persons","GWG5","Gender wage gap at median","2008","2008",,,"0","Units",,,10.588235294,,
"SWE","Sweden","MW","All persons","GWG5","Gender wage gap at median","2009","2009",,,"0","Units",,,9.5419847328,,
"SWE","Sweden","MW","All persons","GWG5","Gender wage gap at median","2010","2010",,,"0","Units",,,9.3632958801,,
"SWE","Sweden","MW","All persons","GWG5","Gender wage gap at median","2011","2011",,,"0","Units",,,9.1575091575,,
"SWE","Sweden","MW","All persons","GWG5","Gender wage gap at median","2012","2012",,,"0","Units",,,9.2857142857,,
"SWE","Sweden","MW","All persons","GWG5","Gender wage gap at median","2013","2013",,,"0","Units",,,9.375,,
"SWE","Sweden","MW","All persons","GWG5","Gender wage gap at median","2014","2014",,,"0","Units",,,9.1525423729,,
"SWE","Sweden","MW","All persons","GWG5","Gender wage gap at median","2015","2015",,,"0","Units",,,8.3333333333,,
"SWE","Sweden","MW","All persons","GWG5","Gender wage gap at median","2016","2016",,,"0","Units",,,8.1699346405,,
"SWE","Sweden","MW","All persons","GWG5","Gender wage gap at median","2017","2017",,,"0","Units",,,7.3482428115,,
"SWE","Sweden","MW","All persons","GWG5","Gender wage gap at median","2018","2018",,,"0","Units",,,7.1428571429,,
"SWE","Sweden","MW","All persons","GWG5","Gender wage gap at median","2019","2019",,,"0","Units",,,7.5757575758,,
"SVN","Slovenia","MW","All persons","GWG5","Gender wage gap at median","2002","2002",,,"0","Units",,,9.4052412234,,
"SVN","Slovenia","MW","All persons","GWG5","Gender wage gap at median","2006","2006",,,"0","Units",,,7.2205736894,,
"SVN","Slovenia","MW","All persons","GWG5","Gender wage gap at median","2010","2010",,,"0","Units",,,0.9917355372,,
"SVN","Slovenia","MW","All persons","GWG5","Gender wage gap at median","2014","2014",,,"0","Units",,,4.9962714392,,
"FRA","France","MW","All persons","GWG5","Gender wage gap at median","2000","2000",,,"0","Units",,,14.5712405,,
"FRA","France","MW","All persons","GWG5","Gender wage gap at median","2001","2001",,,"0","Units",,,15.125460607,,
"FRA","France","MW","All persons","GWG5","Gender wage gap at median","2002","2002",,,"0","Units",,,15.205245154,,
"FRA","France","MW","All persons","GWG5","Gender wage gap at median","2003","2003",,,"0","Units",,,15.144244183,,
"FRA","France","MW","All persons","GWG5","Gender wage gap at median","2004","2004",,,"0","Units",,,14.95429416,,
"FRA","France","MW","All persons","GWG5","Gender wage gap at median","2005","2005",,,"0","Units",,,14.38941076,,
"FRA","France","MW","All persons","GWG5","Gender wage gap at median","2006","2006",,,"0","Units",,,13.977816328,,
"FRA","France","MW","All persons","GWG5","Gender wage gap at median","2007","2007",,,"0","Units",,,13.964793778,,
"FRA","France","MW","All persons","GWG5","Gender wage gap at median","2008","2008",,,"0","Units",,,14.344262295,,
"FRA","France","MW","All persons","GWG5","Gender wage gap at median","2009","2009",,,"0","Units",,,14.031266638,,
"FRA","France","MW","All persons","GWG5","Gender wage gap at median","2010","2010",,,"0","Units",,,14.054336468,,
"FRA","France","MW","All persons","GWG5","Gender wage gap at median","2011","2011",,,"0","Units",,,13.950789229,,
"FRA","France","MW","All persons","GWG5","Gender wage gap at median","2012","2012",,,"0","Units",,,13.672823945,,
"FRA","France","MW","All persons","GWG5","Gender wage gap at median","2013","2013",,,"0","Units",,,13.660614212,,
"FRA","France","MW","All persons","GWG5","Gender wage gap at median","2014","2014",,,"0","Units",,,13.175042399,,
"FRA","France","MW","All persons","GWG5","Gender wage gap at median","2015","2015",,,"0","Units",,,13.049450549,,
"FRA","France","MW","All persons","GWG5","Gender wage gap at median","2016","2016",,,"0","Units",,,13.691416535,,
"EST","Estonia","MW","All persons","GWG5","Gender wage gap at median","2002","2002",,,"0","Units",,,25.000651941,,
"EST","Estonia","MW","All persons","GWG5","Gender wage gap at median","2006","2006",,,"0","Units",,,29.6875,,
"EST","Estonia","MW","All persons","GWG5","Gender wage gap at median","2010","2010",,,"0","Units",,,27.797833935,,
"EST","Estonia","MW","All persons","GWG5","Gender wage gap at median","2014","2014",,,"0","Units",,,28.339350181,,
"CHL","Chile","MW","All persons","GWG5","Gender wage gap at median","2000","2000",,,"0","Units",,,6.0729,,
"CHL","Chile","MW","All persons","GWG5","Gender wage gap at median","2003","2003",,,"0","Units",,,1.6831838918,,
"CHL","Chile","MW","All persons","GWG5","Gender wage gap at median","2006","2006",,,"0","Units",,,5.5555555556,,
"CHL","Chile","MW","All persons","GWG5","Gender wage gap at median","2009","2009",,,"0","Units",,,9.0909090909,,
"CHL","Chile","MW","All persons","GWG5","Gender wage gap at median","2011","2011",,,"0","Units",,,16,,
"CHL","Chile","MW","All persons","GWG5","Gender wage gap at median","2013","2013",,,"0","Units",,,10.666666667,,
"CHL","Chile","MW","All persons","GWG5","Gender wage gap at median","2015","2015",,,"0","Units",,,14.285714286,,
"CHL","Chile","MW","All persons","GWG5","Gender wage gap at median","2017","2017",,,"0","Units",,,12.5,,
"COL","Colombia","MW","All persons","GWG5","Gender wage gap at median","2007","2007",,,"0","Units",,,1.3393170184,,
"COL","Colombia","MW","All persons","GWG5","Gender wage gap at median","2008","2008",,,"0","Units",,,1.7396907216,,
"COL","Colombia","MW","All persons","GWG5","Gender wage gap at median","2009","2009",,,"0","Units",,,3.3846751713,,
"COL","Colombia","MW","All persons","GWG5","Gender wage gap at median","2010","2010",,,"0","Units",,,6.4305555556,,
"COL","Colombia","MW","All persons","GWG5","Gender wage gap at median","2011","2011",,,"0","Units",,,3.5348084188,,
"COL","Colombia","MW","All persons","GWG5","Gender wage gap at median","2012","2012",,,"0","Units",,,8.1979467756,,
"COL","Colombia","MW","All persons","GWG5","Gender wage gap at median","2013","2013",,,"0","Units",,,7.1428571429,,
"COL","Colombia","MW","All persons","GWG5","Gender wage gap at median","2014","2014",,,"0","Units",,,9.6,,
"COL","Colombia","MW","All persons","GWG5","Gender wage gap at median","2015","2015",,,"0","Units",,,11.141715728,,
"COL","Colombia","MW","All persons","GWG5","Gender wage gap at median","2016","2016",,,"0","Units",,,7.0917506686,,
"COL","Colombia","MW","All persons","GWG5","Gender wage gap at median","2017","2017",,,"0","Units",,,7.6923076923,,
"COL","Colombia","MW","All persons","GWG5","Gender wage gap at median","2018","2018",,,"0","Units",,,5.7879259259,,
"COL","Colombia","MW","All persons","GWG5","Gender wage gap at median","2019","2019",,,"0","Units",,,4,,
"ROU","Romania","MW","All persons","GWG5","Gender wage gap at median","2002","2002",,,"0","Units",,,15.604151223,,
"ROU","Romania","MW","All persons","GWG5","Gender wage gap at median","2006","2006",,,"0","Units",,,9.5419847328,,
"ROU","Romania","MW","All persons","GWG5","Gender wage gap at median","2010","2010",,,"0","Units",,,9.6317280453,,
"ROU","Romania","MW","All persons","GWG5","Gender wage gap at median","2014","2014",,,"0","Units",,,1.5463917526,,
"LTU","Lithuania","MW","All persons","GWG5","Gender wage gap at median","2002","2002",,,"0","Units",,,14.631356373,,
"LTU","Lithuania","MW","All persons","GWG5","Gender wage gap at median","2006","2006",,,"0","Units",,,15.952380952,,
"LTU","Lithuania","MW","All persons","GWG5","Gender wage gap at median","2010","2010",,,"0","Units",,,10.642570281,,
"LTU","Lithuania","MW","All persons","GWG5","Gender wage gap at median","2014","2014",,,"0","Units",,,12.479740681,,
"ESP","Spain","MW","All persons","GWG5","Gender wage gap at median","2002","2002",,,"0","Units",,,17.161961367,,
"ESP","Spain","MW","All persons","GWG5","Gender wage gap at median","2006","2006",,,"0","Units",,,13.533333333,,
"ESP","Spain","MW","All persons","GWG5","Gender wage gap at median","2010","2010",,,"0","Units",,,13.504464286,,
"ESP","Spain","MW","All persons","GWG5","Gender wage gap at median","2014","2014",,,"0","Units",,,11.540497618,,
"LUX","Luxembourg","MW","All persons","GWG5","Gender wage gap at median","2002","2002",,,"0","Units",,,15.088529638,,
"LUX","Luxembourg","MW","All persons","GWG5","Gender wage gap at median","2006","2006",,,"0","Units",,,7.6680672269,,
"LUX","Luxembourg","MW","All persons","GWG5","Gender wage gap at median","2010","2010",,,"0","Units",,,4.5921644188,,
"LUX","Luxembourg","MW","All persons","GWG5","Gender wage gap at median","2014","2014",,,"0","Units",,,3.4029167858,,
"POL","Poland","MW","All persons","GWG5","Gender wage gap at median","2001","2001",,,"0","Units",,,14.299742455,,
"POL","Poland","MW","All persons","GWG5","Gender wage gap at median","2002","2002",,,"0","Units",,,11.315955411,,
"POL","Poland","MW","All persons","GWG5","Gender wage gap at median","2004","2004",,,"0","Units",,,10.638848907,,
"POL","Poland","MW","All persons","GWG5","Gender wage gap at median","2006","2006",,,"0","Units",,,11.440420483,,
"POL","Poland","MW","All persons","GWG5","Gender wage gap at median","2008","2008",,,"0","Units",,,12.993822243,,
"POL","Poland","MW","All persons","GWG5","Gender wage gap at median","2010","2010",,,"0","Units",,,7.1902070437,,
"POL","Poland","MW","All persons","GWG5","Gender wage gap at median","2012","2012",,,"0","Units",,,10.620155274,,
"POL","Poland","MW","All persons","GWG5","Gender wage gap at median","2014","2014",,,"0","Units",,,11.07286288,,
"POL","Poland","MW","All persons","GWG5","Gender wage gap at median","2016","2016",,,"0","Units",,,9.4178809362,,
"POL","Poland","MW","All persons","GWG5","Gender wage gap at median","2018","2018",,,"0","Units",,,11.497909952,,
"JPN","Japan","MW","All persons","GWG5","Gender wage gap at median","2000","2000",,,"0","Units",,,33.85930309,,
"JPN","Japan","MW","All persons","GWG5","Gender wage gap at median","2001","2001",,,"0","Units",,,33.864671438,,
"JPN","Japan","MW","All persons","GWG5","Gender wage gap at median","2002","2002",,,"0","Units",,,32.529722589,,
"JPN","Japan","MW","All persons","GWG5","Gender wage gap at median","2003","2003",,,"0","Units",,,31.997350116,,
"JPN","Japan","MW","All persons","GWG5","Gender wage gap at median","2004","2004",,,"0","Units",,,31.087391594,,
"JPN","Japan","MW","All persons","GWG5","Gender wage gap at median","2005","2005",,,"0","Units",,,32.825438887,,
"JPN","Japan","MW","All persons","GWG5","Gender wage gap at median","2006","2006",,,"0","Units",,,32.980832783,,
"JPN","Japan","MW","All persons","GWG5","Gender wage gap at median","2007","2007",,,"0","Units",,,31.742323097,,
"JPN","Japan","MW","All persons","GWG5","Gender wage gap at median","2008","2008",,,"0","Units",,,30.694397853,,
"JPN","Japan","MW","All persons","GWG5","Gender wage gap at median","2009","2009",,,"0","Units",,,28.284923928,,
"JPN","Japan","MW","All persons","GWG5","Gender wage gap at median","2010","2010",,,"0","Units",,,28.684300928,,
"JPN","Japan","MW","All persons","GWG5","Gender wage gap at median","2011","2011",,,"0","Units",,,27.395364926,,
"JPN","Japan","MW","All persons","GWG5","Gender wage gap at median","2012","2012",,,"0","Units",,,26.523545706,,
"JPN","Japan","MW","All persons","GWG5","Gender wage gap at median","2013","2013",,,"0","Units",,,26.587578507,,
"JPN","Japan","MW","All persons","GWG5","Gender wage gap at median","2014","2014",,,"0","Units",,,25.870989997,,
"JPN","Japan","MW","All persons","GWG5","Gender wage gap at median","2015","2015",,,"0","Units",,,25.731790334,,
"JPN","Japan","MW","All persons","GWG5","Gender wage gap at median","2016","2016",,,"0","Units",,,24.601289447,,
"JPN","Japan","MW","All persons","GWG5","Gender wage gap at median","2017","2017",,,"0","Units",,,24.518092661,,
"JPN","Japan","MW","All persons","GWG5","Gender wage gap at median","2018","2018",,,"0","Units",,,23.537368955,,
"JPN","Japan","MW","All persons","GWG5","Gender wage gap at median","2019","2019",,,"0","Units",,,23.480013436,,
"GBR","United Kingdom","MW","All persons","GWG5","Gender wage gap at median","2000","2000",,,"0","Units",,,26.280313829,,
"GBR","United Kingdom","MW","All persons","GWG5","Gender wage gap at median","2001","2001",,,"0","Units",,,25.639645899,,
"GBR","United Kingdom","MW","All persons","GWG5","Gender wage gap at median","2002","2002",,,"0","Units",,,24.379099435,,
"GBR","United Kingdom","MW","All persons","GWG5","Gender wage gap at median","2003","2003",,,"0","Units",,,24.124467087,,
"GBR","United Kingdom","MW","All persons","GWG5","Gender wage gap at median","2004","2004",,,"0","Units",,,23.358740969,,
"GBR","United Kingdom","MW","All persons","GWG5","Gender wage gap at median","2005","2005",,,"0","Units",,,22.0639582,,
"GBR","United Kingdom","MW","All persons","GWG5","Gender wage gap at median","2006","2006",,,"0","Units",,,21.718084024,,
"GBR","United Kingdom","MW","All persons","GWG5","Gender wage gap at median","2007","2007",,,"0","Units",,,21.634780707,,
"GBR","United Kingdom","MW","All persons","GWG5","Gender wage gap at median","2008","2008",,,"0","Units",,,21.857869108,,
"GBR","United Kingdom","MW","All persons","GWG5","Gender wage gap at median","2009","2009",,,"0","Units",,,20.686295954,,
"GBR","United Kingdom","MW","All persons","GWG5","Gender wage gap at median","2010","2010",,,"0","Units",,,19.231436918,,
"GBR","United Kingdom","MW","All persons","GWG5","Gender wage gap at median","2011","2011",,,"0","Units",,,18.246005203,,
"GBR","United Kingdom","MW","All persons","GWG5","Gender wage gap at median","2012","2012",,,"0","Units",,,17.783882784,,
"GBR","United Kingdom","MW","All persons","GWG5","Gender wage gap at median","2013","2013",,,"0","Units",,,17.482014388,,
"GBR","United Kingdom","MW","All persons","GWG5","Gender wage gap at median","2014","2014",,,"0","Units",,,17.382742571,,
"GBR","United Kingdom","MW","All persons","GWG5","Gender wage gap at median","2015","2015",,,"0","Units",,,17.101551481,,
"GBR","United Kingdom","MW","All persons","GWG5","Gender wage gap at median","2016","2016",,,"0","Units",,,16.796536797,,
"GBR","United Kingdom","MW","All persons","GWG5","Gender wage gap at median","2017","2017",,,"0","Units",,,16.534100525,,
"GBR","United Kingdom","MW","All persons","GWG5","Gender wage gap at median","2018","2018",,,"0","Units",,,16.310424203,,
"GBR","United Kingdom","MW","All persons","GWG5","Gender wage gap at median","2019","2019",,,"0","Units",,,16.008911521,,
"BEL","Belgium","MW","All persons","GWG5","Gender wage gap at median","2000","2000",,,"0","Units",,,13.599231139,,
"BEL","Belgium","MW","All persons","GWG5","Gender wage gap at median","2001","2001",,,"0","Units",,,13.186813187,,
"BEL","Belgium","MW","All persons","GWG5","Gender wage gap at median","2002","2002",,,"0","Units",,,11.604714415,,
"BEL","Belgium","MW","All persons","GWG5","Gender wage gap at median","2003","2003",,,"0","Units",,,15.205183585,,
"BEL","Belgium","MW","All persons","GWG5","Gender wage gap at median","2004","2004",,,"0","Units",,,11.832061069,,
"BEL","Belgium","MW","All persons","GWG5","Gender wage gap at median","2005","2005",,,"0","Units",,,11.511092507,,
"BEL","Belgium","MW","All persons","GWG5","Gender wage gap at median","2006","2006",,,"0","Units",,,10.253267974,,
"BEL","Belgium","MW","All persons","GWG5","Gender wage gap at median","2007","2007",,,"0","Units",,,9.8736176935,,
"BEL","Belgium","MW","All persons","GWG5","Gender wage gap at median","2008","2008",,,"0","Units",,,8.9157536834,,
"BEL","Belgium","MW","All persons","GWG5","Gender wage gap at median","2009","2009",,,"0","Units",,,7.4804614812,,
"BEL","Belgium","MW","All persons","GWG5","Gender wage gap at median","2010","2010",,,"0","Units",,,7.0437956204,,
"BEL","Belgium","MW","All persons","GWG5","Gender wage gap at median","2011","2011",,,"0","Units",,,5.8381088825,,
"BEL","Belgium","MW","All persons","GWG5","Gender wage gap at median","2012","2012",,,"0","Units",,,6.4111498258,,
"BEL","Belgium","MW","All persons","GWG5","Gender wage gap at median","2013","2013",,,"0","Units",,,5.9128630705,,
"BEL","Belgium","MW","All persons","GWG5","Gender wage gap at median","2014","2014",,,"0","Units",,,3.2989003665,,
"BEL","Belgium","MW","All persons","GWG5","Gender wage gap at median","2015","2015",,,"0","Units",,,4.672,,
"BEL","Belgium","MW","All persons","GWG5","Gender wage gap at median","2016","2016",,,"0","Units",,,3.7012987013,,
"BEL","Belgium","MW","All persons","GWG5","Gender wage gap at median","2017","2017",,,"0","Units",,,4.1902961563,,
"HUN","Hungary","MW","All persons","GWG5","Gender wage gap at median","2000","2000",,,"0","Units",,,14.098768043,,
"HUN","Hungary","MW","All persons","GWG5","Gender wage gap at median","2001","2001",,,"0","Units",,,13.689781486,,
"HUN","Hungary","MW","All persons","GWG5","Gender wage gap at median","2002","2002",,,"0","Units",,,9.1297122935,,
"HUN","Hungary","MW","All persons","GWG5","Gender wage gap at median","2003","2003",,,"0","Units",,,1.4760044902,,
"HUN","Hungary","MW","All persons","GWG5","Gender wage gap at median","2004","2004",,,"0","Units",,,3.0343737653,,
"HUN","Hungary","MW","All persons","GWG5","Gender wage gap at median","2005","2005",,,"0","Units",,,4.0215265743,,
"HUN","Hungary","MW","All persons","GWG5","Gender wage gap at median","2006","2006",,,"0","Units",,,0.3843870359,,
"HUN","Hungary","MW","All persons","GWG5","Gender wage gap at median","2007","2007",,,"0","Units",,,3.6481061267,,
"HUN","Hungary","MW","All persons","GWG5","Gender wage gap at median","2008","2008",,,"0","Units",,,2.2206544601,,
"HUN","Hungary","MW","All persons","GWG5","Gender wage gap at median","2009","2009",,,"0","Units",,,3.8760880696,,
"HUN","Hungary","MW","All persons","GWG5","Gender wage gap at median","2010","2010",,,"0","Units",,,6.3817122518,,
"HUN","Hungary","MW","All persons","GWG5","Gender wage gap at median","2011","2011",,,"0","Units",,,6.8639053254,,
"HUN","Hungary","MW","All persons","GWG5","Gender wage gap at median","2012","2012",,,"0","Units",,,11.332462443,,
"HUN","Hungary","MW","All persons","GWG5","Gender wage gap at median","2013","2013",,,"0","Units",,,8.7236506348,,
"HUN","Hungary","MW","All persons","GWG5","Gender wage gap at median","2014","2014",,,"0","Units",,,3.7726055271,,
"HUN","Hungary","MW","All persons","GWG5","Gender wage gap at median","2015","2015",,,"0","Units",,,9.5238095238,,
"HUN","Hungary","MW","All persons","GWG5","Gender wage gap at median","2016","2016",,,"0","Units",,,9.3643171806,,
"HUN","Hungary","MW","All persons","GWG5","Gender wage gap at median","2017","2017",,,"0","Units",,,5.3202686547,,
"HUN","Hungary","MW","All persons","GWG5","Gender wage gap at median","2018","2018",,,"0","Units",,,5.0632142857,,
"NOR","Norway","MW","All persons","GWG5","Gender wage gap at median","2000","2000",,,"0","Units",,,11.154596196,,
"NOR","Norway","MW","All persons","GWG5","Gender wage gap at median","2001","2001",,,"0","Units",,,11.702958284,,
"NOR","Norway","MW","All persons","GWG5","Gender wage gap at median","2002","2002",,,"0","Units",,,11.642621198,,
"NOR","Norway","MW","All persons","GWG5","Gender wage gap at median","2003","2003",,,"0","Units",,,11.177505823,,
"NOR","Norway","MW","All persons","GWG5","Gender wage gap at median","2004","2004",,,"0","Units",,,10.677038442,,
"NOR","Norway","MW","All persons","GWG5","Gender wage gap at median","2005","2005",,,"0","Units",,,10.363175262,,
"NOR","Norway","MW","All persons","GWG5","Gender wage gap at median","2006","2006",,,"0","Units",,,10.139525798,,
"NOR","Norway","MW","All persons","GWG5","Gender wage gap at median","2007","2007",,,"0","Units",,,10.801046331,,
"NOR","Norway","MW","All persons","GWG5","Gender wage gap at median","2008","2008",,,"0","Units",,,9.5656115748,,
"NOR","Norway","MW","All persons","GWG5","Gender wage gap at median","2009","2009",,,"0","Units",,,9.0007343455,,
"NOR","Norway","MW","All persons","GWG5","Gender wage gap at median","2010","2010",,,"0","Units",,,8.3939191058,,
"NOR","Norway","MW","All persons","GWG5","Gender wage gap at median","2011","2011",,,"0","Units",,,8.1162106379,,
"NOR","Norway","MW","All persons","GWG5","Gender wage gap at median","2012","2012",,,"0","Units",,,6.7469118271,,
"NOR","Norway","MW","All persons","GWG5","Gender wage gap at median","2013","2013",,,"0","Units",,,7.3461266553,,
"NOR","Norway","MW","All persons","GWG5","Gender wage gap at median","2014","2014",,,"0","Units",,,6.6233997276,,
"NOR","Norway","MW","All persons","GWG5","Gender wage gap at median","2015","2015",,,"0","Units",,,7.4622984919,,
"NOR","Norway","MW","All persons","GWG5","Gender wage gap at median","2016","2016",,,"0","Units",,,6.764027671,,
"NOR","Norway","MW","All persons","GWG5","Gender wage gap at median","2017","2017",,,"0","Units",,,6.3909774436,,
"NOR","Norway","MW","All persons","GWG5","Gender wage gap at median","2018","2018",,,"0","Units",,,5.8492413118,,
"NOR","Norway","MW","All persons","GWG5","Gender wage gap at median","2019","2019",,,"0","Units",,,4.9940828402,,
"MLT","Malta","MW","All persons","GWG5","Gender wage gap at median","2002","2002",,,"0","Units",,,13.555733265,,
"MLT","Malta","MW","All persons","GWG5","Gender wage gap at median","2006","2006",,,"0","Units",,,7.4407195421,,
"MLT","Malta","MW","All persons","GWG5","Gender wage gap at median","2010","2010",,,"0","Units",,,7.0678796361,,
"MLT","Malta","MW","All persons","GWG5","Gender wage gap at median","2014","2014",,,"0","Units",,,8.9894606324,,
"HRV","Croatia","MW","All persons","GWG5","Gender wage gap at median","2010","2010",,,"0","Units",,,3.8323353293,,
"SVK","Slovak Republic","MW","All persons","GWG5","Gender wage gap at median","2002","2002",,,"0","Units",,,20.355160932,,
"SVK","Slovak Republic","MW","All persons","GWG5","Gender wage gap at median","2003","2003",,,"0","Units",,,20.689655172,,
"SVK","Slovak Republic","MW","All persons","GWG5","Gender wage gap at median","2004","2004",,,"0","Units",,,20.88376561,,
"SVK","Slovak Republic","MW","All persons","GWG5","Gender wage gap at median","2005","2005",,,"0","Units",,,20.099255583,,
"SVK","Slovak Republic","MW","All persons","GWG5","Gender wage gap at median","2006","2006",,,"0","Units",,,17.802768166,,
"SVK","Slovak Republic","MW","All persons","GWG5","Gender wage gap at median","2007","2007",,,"0","Units",,,17.521704815,,
"SVK","Slovak Republic","MW","All persons","GWG5","Gender wage gap at median","2008","2008",,,"0","Units",,,16.444769568,,
"SVK","Slovak Republic","MW","All persons","GWG5","Gender wage gap at median","2009","2009",,,"0","Units",,,16.432721259,,
"SVK","Slovak Republic","MW","All persons","GWG5","Gender wage gap at median","2010","2010",,,"0","Units",,,14.851117649,,
"SVK","Slovak Republic","MW","All persons","GWG5","Gender wage gap at median","2011","2011",,,"0","Units",,,15.449856429,,
"SVK","Slovak Republic","MW","All persons","GWG5","Gender wage gap at median","2012","2012",,,"0","Units",,,15.965269161,,
"SVK","Slovak Republic","MW","All persons","GWG5","Gender wage gap at median","2013","2013",,,"0","Units",,,14.109329757,,
"SVK","Slovak Republic","MW","All persons","GWG5","Gender wage gap at median","2014","2014",,,"0","Units",,,14.350047529,,
"SVK","Slovak Republic","MW","All persons","GWG5","Gender wage gap at median","2015","2015",,,"0","Units",,,13.376624885,,
"SVK","Slovak Republic","MW","All persons","GWG5","Gender wage gap at median","2016","2016",,,"0","Units",,,13.899182143,,
"SVK","Slovak Republic","MW","All persons","GWG5","Gender wage gap at median","2017","2017",,,"0","Units",,,15.040042332,,
"SVK","Slovak Republic","MW","All persons","GWG5","Gender wage gap at median","2018","2018",,,"0","Units",,,15.662080133,,
"SVK","Slovak Republic","MW","All persons","GWG5","Gender wage gap at median","2019","2019",,,"0","Units",,,13.869849949,,
"IRL","Ireland","MW","All persons","GWG5","Gender wage gap at median","2002","2002",,,"0","Units",,,17.198136869,,
"IRL","Ireland","MW","All persons","GWG5","Gender wage gap at median","2006","2006",,,"0","Units",,,18.58622791,,
"IRL","Ireland","MW","All persons","GWG5","Gender wage gap at median","2010","2010",,,"0","Units",,,14.345864662,,
"IRL","Ireland","MW","All persons","GWG5","Gender wage gap at median","2014","2014",,,"0","Units",,,10.606060606,,
"LVA","Latvia","MW","All persons","GWG5","Gender wage gap at median","2002","2002",,,"0","Units",,,18.919555573,,
"LVA","Latvia","MW","All persons","GWG5","Gender wage gap at median","2006","2006",,,"0","Units",,,10.991957105,,
"LVA","Latvia","MW","All persons","GWG5","Gender wage gap at median","2010","2010",,,"0","Units",,,19.055649241,,
"LVA","Latvia","MW","All persons","GWG5","Gender wage gap at median","2014","2014",,,"0","Units",,,21.122994652,,
"KOR","Korea","MW","All persons","GWG5","Gender wage gap at median","2000","2000",,,"0","Units",,,41.654352443,,
"KOR","Korea","MW","All persons","GWG5","Gender wage gap at median","2001","2001",,,"0","Units",,,40.416140488,,
"KOR","Korea","MW","All persons","GWG5","Gender wage gap at median","2002","2002",,,"0","Units",,,41.028512789,,
"KOR","Korea","MW","All persons","GWG5","Gender wage gap at median","2003","2003",,,"0","Units",,,40.083154629,,
"KOR","Korea","MW","All persons","GWG5","Gender wage gap at median","2004","2004",,,"0","Units",,,39.623548252,,
"KOR","Korea","MW","All persons","GWG5","Gender wage gap at median","2005","2005",,,"0","Units",,,39.616632359,,
"KOR","Korea","MW","All persons","GWG5","Gender wage gap at median","2006","2006",,,"0","Units",,,39.774144311,,
"KOR","Korea","MW","All persons","GWG5","Gender wage gap at median","2007","2007",,,"0","Units",,,38.162064282,,
"KOR","Korea","MW","All persons","GWG5","Gender wage gap at median","2008","2008",,,"0","Units",,,39.037441734,,
"KOR","Korea","MW","All persons","GWG5","Gender wage gap at median","2009","2009",,,"0","Units",,,38.614682704,,
"KOR","Korea","MW","All persons","GWG5","Gender wage gap at median","2010","2010",,,"0","Units",,,39.605857342,,
"KOR","Korea","MW","All persons","GWG5","Gender wage gap at median","2011","2011",,,"0","Units",,,36.5642295,,
"KOR","Korea","MW","All persons","GWG5","Gender wage gap at median","2012","2012",,,"0","Units",,,36.298529966,,
"KOR","Korea","MW","All persons","GWG5","Gender wage gap at median","2013","2013",,,"0","Units",,,36.599634369,,
"KOR","Korea","MW","All persons","GWG5","Gender wage gap at median","2014","2014",,,"0","Units",,,36.653176139,,
"KOR","Korea","MW","All persons","GWG5","Gender wage gap at median","2015","2015",,,"0","Units",,,37.176281754,,
"KOR","Korea","MW","All persons","GWG5","Gender wage gap at median","2016","2016",,,"0","Units",,,36.666666667,,
"KOR","Korea","MW","All persons","GWG5","Gender wage gap at median","2017","2017",,,"0","Units",,,34.617382557,,
"KOR","Korea","MW","All persons","GWG5","Gender wage gap at median","2018","2018",,,"0","Units",,,34.107310951,,
"KOR","Korea","MW","All persons","GWG5","Gender wage gap at median","2019","2019",,,"0","Units",,,32.480444715,,
"TUR","Turkey","MW","All persons","GWG5","Gender wage gap at median","2006","2006",,,"0","Units",,,3.2069970845,,
"TUR","Turkey","MW","All persons","GWG5","Gender wage gap at median","2010","2010",,,"0","Units",,,3.1042128603,,
"TUR","Turkey","MW","All persons","GWG5","Gender wage gap at median","2014","2014",,,"0","Units",,,6.8825910931,,
"AUT","Austria","MW","All persons","GWG5","Gender wage gap at median","2000","2000",,,"0","Units",,,23.141943088,,
"AUT","Austria","MW","All persons","GWG5","Gender wage gap at median","2001","2001",,,"0","Units",,,22.801817823,,
"AUT","Austria","MW","All persons","GWG5","Gender wage gap at median","2002","2002",,,"0","Units",,,24.48922362,,
"AUT","Austria","MW","All persons","GWG5","Gender wage gap at median","2003","2003",,,"0","Units",,,21.136921977,,
"AUT","Austria","MW","All persons","GWG5","Gender wage gap at median","2004","2004",,,"0","Units",,,22.430792158,,
"AUT","Austria","MW","All persons","GWG5","Gender wage gap at median","2005","2005",,,"0","Units",,,22.032085753,,
"AUT","Austria","MW","All persons","GWG5","Gender wage gap at median","2006","2006",,,"0","Units",,,21.855130427,,
"AUT","Austria","MW","All persons","GWG5","Gender wage gap at median","2007","2007",,,"0","Units",,,21.634276366,,
"AUT","Austria","MW","All persons","GWG5","Gender wage gap at median","2008","2008",,,"0","Units",,,20.917320274,,
"AUT","Austria","MW","All persons","GWG5","Gender wage gap at median","2009","2009",,,"0","Units",,,19.355965917,,
"AUT","Austria","MW","All persons","GWG5","Gender wage gap at median","2010","2010",,,"0","Units",,,19.188862682,,
"AUT","Austria","MW","All persons","GWG5","Gender wage gap at median","2011","2011",,,"0","Units",,,18.550554118,,
"AUT","Austria","MW","All persons","GWG5","Gender wage gap at median","2012","2012",,,"0","Units",,,18.185056843,,
"AUT","Austria","MW","All persons","GWG5","Gender wage gap at median","2013","2013",,,"0","Units",,,18.053211411,,
"AUT","Austria","MW","All persons","GWG5","Gender wage gap at median","2014","2014",,,"0","Units",,,17.728884245,,
"AUT","Austria","MW","All persons","GWG5","Gender wage gap at median","2015","2015",,,"0","Units",,,17.04325299,,
"AUT","Austria","MW","All persons","GWG5","Gender wage gap at median","2016","2016",,,"0","Units",,,15.670899643,,
"AUT","Austria","MW","All persons","GWG5","Gender wage gap at median","2017","2017",,,"0","Units",,,15.38215397,,
"AUT","Austria","MW","All persons","GWG5","Gender wage gap at median","2018","2018",,,"0","Units",,,14.876690892,,
"PRT","Portugal","MW","All persons","GWG5","Gender wage gap at median","2004","2004",,,"0","Units",,,13.030303516,,
"PRT","Portugal","MW","All persons","GWG5","Gender wage gap at median","2005","2005",,,"0","Units",,,15.966388101,,
"PRT","Portugal","MW","All persons","GWG5","Gender wage gap at median","2006","2006",,,"0","Units",,,14.354839495,,
"PRT","Portugal","MW","All persons","GWG5","Gender wage gap at median","2007","2007",,,"0","Units",,,15.277779722,,
"PRT","Portugal","MW","All persons","GWG5","Gender wage gap at median","2008","2008",,,"0","Units",,,15.63548277,,
"PRT","Portugal","MW","All persons","GWG5","Gender wage gap at median","2009","2009",,,"0","Units",,,13.792500584,,
"PRT","Portugal","MW","All persons","GWG5","Gender wage gap at median","2010","2010",,,"0","Units",,,13.450867734,,
"PRT","Portugal","MW","All persons","GWG5","Gender wage gap at median","2011","2011",,,"0","Units",,,15.248122552,,
"PRT","Portugal","MW","All persons","GWG5","Gender wage gap at median","2012","2012",,,"0","Units",,,16.315464897,,
"PRT","Portugal","MW","All persons","GWG5","Gender wage gap at median","2013","2013",,,"0","Units",,,16.666666667,,
"PRT","Portugal","MW","All persons","GWG5","Gender wage gap at median","2014","2014",,,"0","Units",,,18.879690138,,
"PRT","Portugal","MW","All persons","GWG5","Gender wage gap at median","2015","2015",,,"0","Units",,,18.917016404,,
"PRT","Portugal","MW","All persons","GWG5","Gender wage gap at median","2016","2016",,,"0","Units",,,14.313146076,,
"PRT","Portugal","MW","All persons","GWG5","Gender wage gap at median","2017","2017",,,"0","Units",,,14.773510708,,
"PRT","Portugal","MW","All persons","GWG5","Gender wage gap at median","2018","2018",,,"0","Units",,,9.5866017068,,
"NZL","New Zealand","MW","All persons","GWG5","Gender wage gap at median","2000","2000",,,"0","Units",,,7.1665560717,,
"NZL","New Zealand","MW","All persons","GWG5","Gender wage gap at median","2001","2001",,,"0","Units",,,8.0562659847,,
"NZL","New Zealand","MW","All persons","GWG5","Gender wage gap at median","2002","2002",,,"0","Units",,,7.3125,,
"NZL","New Zealand","MW","All persons","GWG5","Gender wage gap at median","2003","2003",,,"0","Units",,,7.6923076923,,
"NZL","New Zealand","MW","All persons","GWG5","Gender wage gap at median","2004","2004",,,"0","Units",,,8.0766995933,,
"NZL","New Zealand","MW","All persons","GWG5","Gender wage gap at median","2005","2005",,,"0","Units",,,9.6111111111,,
"NZL","New Zealand","MW","All persons","GWG5","Gender wage gap at median","2006","2006",,,"0","Units",,,9.3333333333,,
"NZL","New Zealand","MW","All persons","GWG5","Gender wage gap at median","2007","2007",,,"0","Units",,,7.1428571429,,
"NZL","New Zealand","MW","All persons","GWG5","Gender wage gap at median","2008","2008",,,"0","Units",,,8.0536912752,,
"NZL","New Zealand","MW","All persons","GWG5","Gender wage gap at median","2009","2009",,,"0","Units",,,8.7591240876,,
"NZL","New Zealand","MW","All persons","GWG5","Gender wage gap at median","2010","2010",,,"0","Units",,,7.0112359551,,
"NZL","New Zealand","MW","All persons","GWG5","Gender wage gap at median","2011","2011",,,"0","Units",,,4.5333333333,,
"NZL","New Zealand","MW","All persons","GWG5","Gender wage gap at median","2012","2012",,,"0","Units",,,5.9079061685,,
"NZL","New Zealand","MW","All persons","GWG5","Gender wage gap at median","2013","2013",,,"0","Units",,,6.5943238731,,
"NZL","New Zealand","MW","All persons","GWG5","Gender wage gap at median","2014","2014",,,"0","Units",,,6.0833333333,,
"NZL","New Zealand","MW","All persons","GWG5","Gender wage gap at median","2015","2015",,,"0","Units",,,7.92,,
"NZL","New Zealand","MW","All persons","GWG5","Gender wage gap at median","2016","2016",,,"0","Units",,,7.7692307692,,
"NZL","New Zealand","MW","All persons","GWG5","Gender wage gap at median","2017","2017",,,"0","Units",,,7.1508379888,,
"NZL","New Zealand","MW","All persons","GWG5","Gender wage gap at median","2018","2018",,,"0","Units",,,7.8696925329,,
"NZL","New Zealand","MW","All persons","GWG5","Gender wage gap at median","2019","2019",,,"0","Units",,,6.5084501978,,
"GRC","Greece","MW","All persons","GWG5","Gender wage gap at median","2004","2004",,,"0","Units",,,13.875598298,,
"GRC","Greece","MW","All persons","GWG5","Gender wage gap at median","2005","2005",,,"0","Units",,,16.666665691,,
"GRC","Greece","MW","All persons","GWG5","Gender wage gap at median","2006","2006",,,"0","Units",,,11.878629486,,
"GRC","Greece","MW","All persons","GWG5","Gender wage gap at median","2007","2007",,,"0","Units",,,11.629049359,,
"GRC","Greece","MW","All persons","GWG5","Gender wage gap at median","2008","2008",,,"0","Units",,,9.5237715743,,
"GRC","Greece","MW","All persons","GWG5","Gender wage gap at median","2009","2009",,,"0","Units",,,9.5871657347,,
"GRC","Greece","MW","All persons","GWG5","Gender wage gap at median","2010","2010",,,"0","Units",,,12.172840391,,
"GRC","Greece","MW","All persons","GWG5","Gender wage gap at median","2011","2011",,,"0","Units",,,10.714285714,,
"GRC","Greece","MW","All persons","GWG5","Gender wage gap at median","2012","2012",,,"0","Units",,,6.8528027344,,
"GRC","Greece","MW","All persons","GWG5","Gender wage gap at median","2013","2013",,,"0","Units",,,11.273731296,,
"GRC","Greece","MW","All persons","GWG5","Gender wage gap at median","2014","2014",,,"0","Units",,,9.0909090909,,
"GRC","Greece","MW","All persons","GWG5","Gender wage gap at median","2015","2015",,,"0","Units",,,6.25,,
"GRC","Greece","MW","All persons","GWG5","Gender wage gap at median","2016","2016",,,"0","Units",,,4.486279454,,
"GRC","Greece","MW","All persons","GWG5","Gender wage gap at median","2017","2017",,,"0","Units",,,4.486279454,,
"GRC","Greece","MW","All persons","GWG5","Gender wage gap at median","2018","2018",,,"0","Units",,,4.486279454,,
"USA","United States","MW","All persons","GWG5","Gender wage gap at median","2000","2000",,,"0","Units",,,23.088923557,,
"USA","United States","MW","All persons","GWG5","Gender wage gap at median","2001","2001",,,"0","Units",,,23.582089552,,
"USA","United States","MW","All persons","GWG5","Gender wage gap at median","2002","2002",,,"0","Units",,,22.091310751,,
"USA","United States","MW","All persons","GWG5","Gender wage gap at median","2003","2003",,,"0","Units",,,20.575539568,,
"USA","United States","MW","All persons","GWG5","Gender wage gap at median","2004","2004",,,"0","Units",,,19.635343619,,
"USA","United States","MW","All persons","GWG5","Gender wage gap at median","2005","2005",,,"0","Units",,,18.975069252,,
"USA","United States","MW","All persons","GWG5","Gender wage gap at median","2006","2006",,,"0","Units",,,19.246298789,,
"USA","United States","MW","All persons","GWG5","Gender wage gap at median","2007","2007",,,"0","Units",,,19.843342037,,
"USA","United States","MW","All persons","GWG5","Gender wage gap at median","2008","2008",,,"0","Units",,,20.050125313,,
"USA","United States","MW","All persons","GWG5","Gender wage gap at median","2009","2009",,,"0","Units",,,19.78021978,,
"USA","United States","MW","All persons","GWG5","Gender wage gap at median","2010","2010",,,"0","Units",,,18.810679612,,
"USA","United States","MW","All persons","GWG5","Gender wage gap at median","2011","2011",,,"0","Units",,,17.788461538,,
"USA","United States","MW","All persons","GWG5","Gender wage gap at median","2012","2012",,,"0","Units",,,19.086651054,,
"USA","United States","MW","All persons","GWG5","Gender wage gap at median","2013","2013",,,"0","Units",,,17.906976744,,
"USA","United States","MW","All persons","GWG5","Gender wage gap at median","2014","2014",,,"0","Units",,,17.451205511,,
"USA","United States","MW","All persons","GWG5","Gender wage gap at median","2015","2015",,,"0","Units",,,18.882681564,,
"USA","United States","MW","All persons","GWG5","Gender wage gap at median","2016","2016",,,"0","Units",,,18.142076503,,
"USA","United States","MW","All persons","GWG5","Gender wage gap at median","2017","2017",,,"0","Units",,,18.172157279,,
"USA","United States","MW","All persons","GWG5","Gender wage gap at median","2018","2018",,,"0","Units",,,18.910585817,,
"USA","United States","MW","All persons","GWG5","Gender wage gap at median","2019","2019",,,"0","Units",,,18.470705065,,
"CRI","Costa Rica","MW","All persons","GWG5","Gender wage gap at median","2010","2010",,,"0","Units",,,0,,
"CRI","Costa Rica","MW","All persons","GWG5","Gender wage gap at median","2011","2011",,,"0","Units",,,4.6306818182,,
"CRI","Costa Rica","MW","All persons","GWG5","Gender wage gap at median","2012","2012",,,"0","Units",,,0.5524861878,,
"CRI","Costa Rica","MW","All persons","GWG5","Gender wage gap at median","2013","2013",,,"0","Units",,,0,,
"CRI","Costa Rica","MW","All persons","GWG5","Gender wage gap at median","2014","2014",,,"0","Units",,,5.1497005988,,
"CRI","Costa Rica","MW","All persons","GWG5","Gender wage gap at median","2015","2015",,,"0","Units",,,3.7037037037,,
"CRI","Costa Rica","MW","All persons","GWG5","Gender wage gap at median","2016","2016",,,"0","Units",,,1.7857142857,,
"CRI","Costa Rica","MW","All persons","GWG5","Gender wage gap at median","2017","2017",,,"0","Units",,,2.967032967,,
"CRI","Costa Rica","MW","All persons","GWG5","Gender wage gap at median","2018","2018",,,"0","Units",,,4.7252747253,,
"CRI","Costa Rica","MW","All persons","GWG5","Gender wage gap at median","2019","2019",,,"0","Units",,,0,,
"CYP","Cyprus","MW","All persons","GWG5","Gender wage gap at median","2002","2002",,,"0","Units",,,31.399946315,,
"CYP","Cyprus","MW","All persons","GWG5","Gender wage gap at median","2006","2006",,,"0","Units",,,30.26689381,,
"CYP","Cyprus","MW","All persons","GWG5","Gender wage gap at median","2010","2010",,,"0","Units",,,24.600990644,,
"CYP","Cyprus","MW","All persons","GWG5","Gender wage gap at median","2014","2014",,,"0","Units",,,13.409234662,,
"ISR","Israel","MW","All persons","GWG5","Gender wage gap at median","2001","2001",,,"0","Units",,,27.974718329,,
"ISR","Israel","MW","All persons","GWG5","Gender wage gap at median","2002","2002",,,"0","Units",,,24.207612457,,
"ISR","Israel","MW","All persons","GWG5","Gender wage gap at median","2003","2003",,,"0","Units",,,25.325311319,,
"ISR","Israel","MW","All persons","GWG5","Gender wage gap at median","2004","2004",,,"0","Units",,,25.013528139,,
"ISR","Israel","MW","All persons","GWG5","Gender wage gap at median","2005","2005",,,"0","Units",,,21.924398625,,
"ISR","Israel","MW","All persons","GWG5","Gender wage gap at median","2006","2006",,,"0","Units",,,21.955215729,,
"ISR","Israel","MW","All persons","GWG5","Gender wage gap at median","2007","2007",,,"0","Units",,,20.40924794,,
"ISR","Israel","MW","All persons","GWG5","Gender wage gap at median","2008","2008",,,"0","Units",,,22.058823529,,
"ISR","Israel","MW","All persons","GWG5","Gender wage gap at median","2009","2009",,,"0","Units",,,21.13599802,,
"ISR","Israel","MW","All persons","GWG5","Gender wage gap at median","2010","2010",,,"0","Units",,,20.391577392,,
"ISR","Israel","MW","All persons","GWG5","Gender wage gap at median","2011","2011",,,"0","Units",,,19.659666908,,
"ISR","Israel","MW","All persons","GWG5","Gender wage gap at median","2012","2012",,,"0","Units",,,20,,
"ISR","Israel","MW","All persons","GWG5","Gender wage gap at median","2013","2013",,,"0","Units",,,20.345901815,,
"ISR","Israel","MW","All persons","GWG5","Gender wage gap at median","2014","2014",,,"0","Units",,,20.108141196,,
"ISR","Israel","MW","All persons","GWG5","Gender wage gap at median","2015","2015",,,"0","Units",,,20.439189189,,
"ISR","Israel","MW","All persons","GWG5","Gender wage gap at median","2016","2016",,,"0","Units",,,21.593332041,,
"ISR","Israel","MW","All persons","GWG5","Gender wage gap at median","2017","2017",,,"0","Units",,,21.791789941,,
"ISR","Israel","MW","All persons","GWG5","Gender wage gap at median","2018","2018",,,"0","Units",,,22.659192432,,
"NLD","Netherlands","MW","All persons","GWG5","Gender wage gap at median","2002","2002",,,"0","Units",,,16.050386022,,
"NLD","Netherlands","MW","All persons","GWG5","Gender wage gap at median","2006","2006",,,"0","Units",,,16.008064516,,
"NLD","Netherlands","MW","All persons","GWG5","Gender wage gap at median","2010","2010",,,"0","Units",,,17.88914703,,
"NLD","Netherlands","MW","All persons","GWG5","Gender wage gap at median","2014","2014",,,"0","Units",,,14.11468179,,
"CHE","Switzerland","MW","All persons","GWG5","Gender wage gap at median","2000","2000",,,"0","Units",,,23.787141178,,
"CHE","Switzerland","MW","All persons","GWG5","Gender wage gap at median","2002","2002",,,"0","Units",,,22.801619433,,
"CHE","Switzerland","MW","All persons","GWG5","Gender wage gap at median","2004","2004",,,"0","Units",,,22.012478004,,
"CHE","Switzerland","MW","All persons","GWG5","Gender wage gap at median","2006","2006",,,"0","Units",,,21.318132126,,
"CHE","Switzerland","MW","All persons","GWG5","Gender wage gap at median","2008","2008",,,"0","Units",,,21.307506053,,
"CHE","Switzerland","MW","All persons","GWG5","Gender wage gap at median","2010","2010",,,"0","Units",,,20.053595355,,
"CHE","Switzerland","MW","All persons","GWG5","Gender wage gap at median","2012","2012",,,"0","Units",,,19.343526441,,
"CHE","Switzerland","MW","All persons","GWG5","Gender wage gap at median","2014","2014",,,"0","Units",,,16.940742841,,
"CHE","Switzerland","MW","All persons","GWG5","Gender wage gap at median","2016","2016",,,"0","Units",,,14.762372073,,
"CHE","Switzerland","MW","All persons","GWG5","Gender wage gap at median","2018","2018",,,"0","Units",,,15.095647352,,
"CZE","Czech Republic","MW","All persons","GWG5","Gender wage gap at median","2001","2001",,,"0","Units",,,16.876621646,,
"CZE","Czech Republic","MW","All persons","GWG5","Gender wage gap at median","2002","2002",,,"0","Units",,,15.95069783,,
"CZE","Czech Republic","MW","All persons","GWG5","Gender wage gap at median","2003","2003",,,"0","Units",,,15.637497318,,
"CZE","Czech Republic","MW","All persons","GWG5","Gender wage gap at median","2004","2004",,,"0","Units",,,16.14681968,,
"CZE","Czech Republic","MW","All persons","GWG5","Gender wage gap at median","2005","2005",,,"0","Units",,,15.93892946,,
"CZE","Czech Republic","MW","All persons","GWG5","Gender wage gap at median","2006","2006",,,"0","Units",,,15.351766206,,
"CZE","Czech Republic","MW","All persons","GWG5","Gender wage gap at median","2007","2007",,,"0","Units",,,16.931531878,,
"CZE","Czech Republic","MW","All persons","GWG5","Gender wage gap at median","2008","2008",,,"0","Units",,,17.873019877,,
"CZE","Czech Republic","MW","All persons","GWG5","Gender wage gap at median","2009","2009",,,"0","Units",,,15.105017965,,
"CZE","Czech Republic","MW","All persons","GWG5","Gender wage gap at median","2010","2010",,,"0","Units",,,15.798503074,,
"CZE","Czech Republic","MW","All persons","GWG5","Gender wage gap at median","2011","2011",,,"0","Units",,,16.329656698,,
"CZE","Czech Republic","MW","All persons","GWG5","Gender wage gap at median","2012","2012",,,"0","Units",,,15.262979875,,
"CZE","Czech Republic","MW","All persons","GWG5","Gender wage gap at median","2013","2013",,,"0","Units",,,15.378835316,,
"CZE","Czech Republic","MW","All persons","GWG5","Gender wage gap at median","2014","2014",,,"0","Units",,,16.254560195,,
"CZE","Czech Republic","MW","All persons","GWG5","Gender wage gap at median","2015","2015",,,"0","Units",,,16.455154158,,
"CZE","Czech Republic","MW","All persons","GWG5","Gender wage gap at median","2016","2016",,,"0","Units",,,16.023430838,,
"CZE","Czech Republic","MW","All persons","GWG5","Gender wage gap at median","2017","2017",,,"0","Units",,,15.614010894,,
"CZE","Czech Republic","MW","All persons","GWG5","Gender wage gap at median","2018","2018",,,"0","Units",,,15.127413864,,
"CZE","Czech Republic","MW","All persons","GWG5","Gender wage gap at median","2019","2019",,,"0","Units",,,14.714332257,,
"DNK","Denmark","MW","All persons","GWG5","Gender wage gap at median","2002","2002",,,"0","Units",,,10.797075707,,
"DNK","Denmark","MW","All persons","GWG5","Gender wage gap at median","2003","2003",,,"0","Units",,,9.9218040939,,
"DNK","Denmark","MW","All persons","GWG5","Gender wage gap at median","2004","2004",,,"0","Units",,,10.182205379,,
"DNK","Denmark","MW","All persons","GWG5","Gender wage gap at median","2005","2005",,,"0","Units",,,10.167330438,,
"DNK","Denmark","MW","All persons","GWG5","Gender wage gap at median","2006","2006",,,"0","Units",,,10.172061258,,
"DNK","Denmark","MW","All persons","GWG5","Gender wage gap at median","2007","2007",,,"0","Units",,,9.8502979507,,
"DNK","Denmark","MW","All persons","GWG5","Gender wage gap at median","2008","2008",,,"0","Units",,,10.183549034,,
"DNK","Denmark","MW","All persons","GWG5","Gender wage gap at median","2009","2009",,,"0","Units",,,10.172005061,,
"DNK","Denmark","MW","All persons","GWG5","Gender wage gap at median","2010","2010",,,"0","Units",,,8.895098479,,
"DNK","Denmark","MW","All persons","GWG5","Gender wage gap at median","2011","2011",,,"0","Units",,,7.9471972536,,
"DNK","Denmark","MW","All persons","GWG5","Gender wage gap at median","2012","2012",,,"0","Units",,,6.9998448762,,
"DNK","Denmark","MW","All persons","GWG5","Gender wage gap at median","2013","2013",,,"0","Units",,,6.7689119452,,
"DNK","Denmark","MW","All persons","GWG5","Gender wage gap at median","2014","2014",,,"0","Units",,,6.3238656948,,
"DNK","Denmark","MW","All persons","GWG5","Gender wage gap at median","2015","2015",,,"0","Units",,,5.8360481128,,
"DNK","Denmark","MW","All persons","GWG5","Gender wage gap at median","2016","2016",,,"0","Units",,,5.7326280384,,
"DNK","Denmark","MW","All persons","GWG5","Gender wage gap at median","2017","2017",,,"0","Units",,,5.2966919656,,
"DNK","Denmark","MW","All persons","GWG5","Gender wage gap at median","2018","2018",,,"0","Units",,,4.8632060095,,
"DEU","Germany","MW","All persons","GWG5","Gender wage gap at median","2000","2000",,,"0","Units",,,19.579030977,,
"DEU","Germany","MW","All persons","GWG5","Gender wage gap at median","2001","2001",,,"0","Units",,,19.105008078,,
"DEU","Germany","MW","All persons","GWG5","Gender wage gap at median","2002","2002",,,"0","Units",,,19.076590488,,
"DEU","Germany","MW","All persons","GWG5","Gender wage gap at median","2003","2003",,,"0","Units",,,19.554572271,,
"DEU","Germany","MW","All persons","GWG5","Gender wage gap at median","2004","2004",,,"0","Units",,,21.850217724,,
"DEU","Germany","MW","All persons","GWG5","Gender wage gap at median","2005","2005",,,"0","Units",,,16.347569956,,
"DEU","Germany","MW","All persons","GWG5","Gender wage gap at median","2006","2006",,,"0","Units",,,18.128654971,,
"DEU","Germany","MW","All persons","GWG5","Gender wage gap at median","2007","2007",,,"0","Units",,,16.715542522,,
"DEU","Germany","MW","All persons","GWG5","Gender wage gap at median","2008","2008",,,"0","Units",,,16.737517957,,
"DEU","Germany","MW","All persons","GWG5","Gender wage gap at median","2009","2009",,,"0","Units",,,16.524216524,,
"DEU","Germany","MW","All persons","GWG5","Gender wage gap at median","2010","2010",,,"0","Units",,,16.694715584,,
"DEU","Germany","MW","All persons","GWG5","Gender wage gap at median","2011","2011",,,"0","Units",,,16.944444444,,
"DEU","Germany","MW","All persons","GWG5","Gender wage gap at median","2012","2012",,,"0","Units",,,15.646258503,,
"DEU","Germany","MW","All persons","GWG5","Gender wage gap at median","2013","2013",,,"0","Units",,,14.093150685,,
"DEU","Germany","MW","All persons","GWG5","Gender wage gap at median","2014","2014",,,"0","Units",,,17.1875,,
"DEU","Germany","MW","All persons","GWG5","Gender wage gap at median","2015","2015",,,"0","Units",,,15.816326531,,
"DEU","Germany","MW","All persons","GWG5","Gender wage gap at median","2016","2016",,,"0","Units",,,15.510718789,,
"DEU","Germany","MW","All persons","GWG5","Gender wage gap at median","2017","2017",,,"0","Units",,,16.19047619,,
"DEU","Germany","MW","All persons","GWG5","Gender wage gap at median","2018","2018",,,"0","Units",,,15.250121418,,
"AUS","Australia","MW","All persons","GWG5","Gender wage gap at median","2000","2000",,,"0","Units",,,17.2,,
"AUS","Australia","MW","All persons","GWG5","Gender wage gap at median","2001","2001",,,"0","Units",,,14.342105263,,
"AUS","Australia","MW","All persons","GWG5","Gender wage gap at median","2002","2002",,,"0","Units",,,15,,
"AUS","Australia","MW","All persons","GWG5","Gender wage gap at median","2003","2003",,,"0","Units",,,13.043478261,,
"AUS","Australia","MW","All persons","GWG5","Gender wage gap at median","2004","2004",,,"0","Units",,,14.352941176,,
"AUS","Australia","MW","All persons","GWG5","Gender wage gap at median","2005","2005",,,"0","Units",,,15.777777778,,
"AUS","Australia","MW","All persons","GWG5","Gender wage gap at median","2006","2006",,,"0","Units",,,16.666666667,,
"AUS","Australia","MW","All persons","GWG5","Gender wage gap at median","2007","2007",,,"0","Units",,,15.4,,
"AUS","Australia","MW","All persons","GWG5","Gender wage gap at median","2008","2008",,,"0","Units",,,11.937377691,,
"AUS","Australia","MW","All persons","GWG5","Gender wage gap at median","2009","2009",,,"0","Units",,,16.363636364,,
"AUS","Australia","MW","All persons","GWG5","Gender wage gap at median","2010","2010",,,"0","Units",,,14.04293381,,
"AUS","Australia","MW","All persons","GWG5","Gender wage gap at median","2011","2011",,,"0","Units",,,15.966386555,,
"AUS","Australia","MW","All persons","GWG5","Gender wage gap at median","2012","2012",,,"0","Units",,,13.75,,
"AUS","Australia","MW","All persons","GWG5","Gender wage gap at median","2013","2013",,,"0","Units",,,18,,
"AUS","Australia","MW","All persons","GWG5","Gender wage gap at median","2014","2014",,,"0","Units",,,15.384615385,,
"AUS","Australia","MW","All persons","GWG5","Gender wage gap at median","2015","2015",,,"0","Units",,,13,,
"AUS","Australia","MW","All persons","GWG5","Gender wage gap at median","2016","2016",,,"0","Units",,,11.538461538,,
"AUS","Australia","MW","All persons","GWG5","Gender wage gap at median","2017","2017",,,"0","Units",,,11.664190193,,
"AUS","Australia","MW","All persons","GWG5","Gender wage gap at median","2018","2018",,,"0","Units",,,11.714285714,,
